id_persona,nombre,primer_apellido,segundo_apellido,email
1,Santiago,Núñez,García,Santiago.Núñez@email.com
2,Valentina,Torres,Rodríguez,Valentina.Torres@email.com
3,Mateo,Flores,Martínez,Mateo.Martínez@email.com
4,Isabella,Castro,López,Isabella.López@email.com
5,Sebastián,Ríos,González,Sebastián.González@email.com
6,Camila,Valencia,Hernández,Camila.Hernández@email.com
7,Matías,Ortiz,Pérez,Matías.Pérez@email.com
8,Sofía,Soto,Sánchez,Sofía.Sánchez@email.com
9,Nicolás,Herrera,Gómez,Nicolás.Herrera@email.com
10,Victoria,Domínguez,Romero,Victoria.Domínguez@email.com
11,Benjamín,Pacheco,Díaz,Benjamín.Pacheco@email.com
12,Emma,Martínez,Torres,Emma.Martínez@email.com
13,Samuel,López,Álvarez,Samuel.López@email.com
14,Lucía,González,Ramos,Lucía.González@email.com
15,Daniel,Hernández,Flores,Daniel.Hernández@email.com
16,Martina,Soto,Ramírez,Martina.Ramírez@email.com
17,Tomás,Herrera,Medina,Tomás.Medina@email.com
18,Catalina,Domínguez,Fernández,Catalina.Domínguez@email.com
19,Alejandro,Pacheco,Ortiz,Alejandro.Pacheco@email.com
20,Valeria,Márquez,Castro,Valeria.Márquez@email.com
21,Juan,Aguilar,Rubio,Juan.Aguilar@email.com
22,Natalia,Torres,Jiménez,Natalia.Torres@email.com
23,Diego,Álvarez,Mendoza,Diego.Álvarez@email.com
24,Isidora,Ramos,Ruiz,Isidora.Ramos@email.com
25,Andrés,Flores,Vega,Andrés.Flores@email.com
26,Mariana,Martínez,Salazar,Mariana.Salazar@email.com
27,Felipe,López,Silva,Felipe.Silva@email.com
28,Antonia,González,Castro,Antonia.Castro@email.com
29,José,Rodríguez,Valdez,José.Valdez@email.com
30,Gabriela,Martínez,Aguilar,Gabriela.Aguilar@email.com
31,Gabriel,López,Espinoza,Gabriel.Espinoza@email.com
32,Emily,González,Núñez,Emily.Núñez@email.com
33,Lucas,Hernández,Torres,Lucas.Torres@email.com
34,Fernanda,Pérez,Flores,Fernanda.Flores@email.com
35,Emilio,Sánchez,Castro,Emilio.Sánchez@email.com
36,María,Gómez,Ríos,María.Gómez@email.com
37,Juan Pablo,Romero,Valencia,Juan Pablo.Romero@email.com
38,Renata,Díaz,Ortiz,Renata.Díaz@email.com
39,Ignacio,Torres,Soto,Ignacio.Torres@email.com
40,Ana,Álvarez,Herrera,Ana.Álvarez@email.com
41,Carlos,Ramos,Domínguez,Carlos.Ramos@email.com
42,Julieta,Flores,Pacheco,Julieta.Pacheco@email.com
43,Manuel,Ramírez,Márquez,Manuel.Márquez@email.com
44,Camila,Medina,Aguilar,Camila.Aguilar@email.com
45,Felipe,Fernández,Méndez,Felipe.Méndez@email.com
46,Valentina,Ortiz,Gutiérrez,Valentina.Gutiérrez@email.com
47,Francisco,Castro,Martínez,Francisco.Martínez@email.com
48,Isabella,Rubio,López,Isabella.López@email.com
49,Eduardo,Jiménez,González,Eduardo.González@email.com
50,Sofía,Mendoza,Hernández,Sofía.Hernández@email.com
51,Leonardo,Ruiz,Fernández,Leonardo.Fernández@email.com
52,Olivia,Vega,Ortiz,Olivia.Ortiz@email.com
53,Javier,Salazar,Castro,Javier.Castro@email.com
54,Elena,Silva,Rubio,Elena.Rubio@email.com
55,Agustín,Castro,Jiménez,Agustín.Jiménez@email.com
56,Laura,Valdez,López,Laura.López@email.com
57,David,Aguilar,González,David.Aguilar@email.com
58,Daniela,Espinoza,Hernández,Daniela.Espinoza@email.com
59,Rafael,Núñez,Pérez,Rafael.Núñez@email.com
60,Andrea,Torres,Sánchez,Andrea.Torres@email.com
61,Cristóbal,Flores,Herrera,Cristóbal.Flores@email.com
62,Paula,Castro,Domínguez,Paula.Castro@email.com
63,Joaquín,Ríos,Pacheco,Joaquín.Ríos@email.com
64,Mariana,Valencia,Márquez,Mariana.Valencia@email.com
65,Daniel,Ortiz,Aguilar,Daniel.Aguilar@email.com
66,Antonia,Soto,Fernández,Antonia.Fernández@email.com
67,Gabriel,Herrera,Ortiz,Gabriel.Ortiz@email.com
68,Catalina,Domínguez,Castro,Catalina.Domínguez@email.com
69,Max,Pacheco,Rubio,Max.Pacheco@email.com
70,Valeria,Márquez,Jiménez,Valeria.Márquez@email.com
71,Antonio,Aguilar,Herrera,Antonio.Aguilar@email.com
72,Emilia,Méndez,Domínguez,Emilia.Méndez@email.com
73,Mauricio,Gutiérrez,Ríos,Mauricio.Gutiérrez@email.com
74,Alejandra,Flores,Castro,Alejandra.Flores@email.com
75,Alexis,Castro,Ríos,Alexis.Castro@email.com
76,Victoria,Ríos,Valencia,Victoria.Ríos@email.com
77,Samuel,Valencia,Núñez,Samuel.Valencia@email.com
78,Constanza,Valencia,Torres,Constanza.Torres@email.com
79,Juan José,Fernández,Flores,Juan José.Flores@email.com
80,Manuela,Ortiz,Castro,Manuela.Castro@email.com
81,Sebastián,Valencia,Ríos,Sebastián.Ríos@email.com
82,Renata,Fernández,Valencia,Renata.Valencia@email.com
83,Isaac,Ortiz,Ortiz,Isaac.Ortiz@email.com
84,Fernanda,Castro,Soto,Fernanda.Castro@email.com
85,Luis,Rubio,Herrera,Luis.Rubio@email.com
86,Natalia,Jiménez,Domínguez,Natalia.Jiménez@email.com
87,Ricardo,Soto,Pacheco,Ricardo.Soto@email.com
88,Gabriela,Herrera,Cruz,Gabriela.Herrera@email.com
89,Cristian,Domínguez,Cruz,Cristian.Domínguez@email.com
90,Isidora,Pacheco,Castro,Isidora.Castro@email.com
91,Miguel,Fernández,Ríos,Miguel.Ríos@email.com
92,Florencia,Ortiz,Valencia,Florencia.Valencia@email.com
93,Héctor,Castro,Torres,Héctor.Torres@email.com
94,Luciana,Rubio,Flores,Luciana.Flores@email.com
95,Rodrigo,Jiménez,Castro,Rodrigo.Castro@email.com
96,Sol,Esquivel,Ríos,Sol.Ríos@email.com
97,Francisco,Garcia,Valencia,Francisco.Garcia@email.com
98,Luna,Castro,García,Luna.Castro@email.com
99,Pedro,Ríos,Rodríguez,Pedro.Ríos@email.com
100,Carmen,Valencia,Martínez,Carmen.Valencia@email.com
